{
  "hash": "6180c154",
  "configHash": "e7164a87",
  "lockfileHash": "cc4c211e",
  "browserHash": "3c65372a",
  "optimized": {
    "@angular/core": {
      "src": "../../../../../node_modules/@angular/core/fesm2022/core.mjs",
      "file": "@angular_core.js",
      "fileHash": "4ee1cd5d",
      "needsInterop": false
    },
    "@angular/platform-browser": {
      "src": "../../../../../node_modules/@angular/platform-browser/fesm2022/platform-browser.mjs",
      "file": "@angular_platform-browser.js",
      "fileHash": "8dc3e54a",
      "needsInterop": false
    },
    "@angular/router": {
      "src": "../../../../../node_modules/@angular/router/fesm2022/router.mjs",
      "file": "@angular_router.js",
      "fileHash": "8cde1533",
      "needsInterop": false
    }
  },
  "chunks": {
    "chunk-IHFPUAUX": {
      "file": "chunk-IHFPUAUX.js"
    },
    "chunk-O7KAIYEH": {
      "file": "chunk-O7KAIYEH.js"
    }
  }
}